Province,Temple
PrachinBuri,วัดคชสารมุนี
PrachinBuri,วัดหนองแหน
PrachinBuri,วัดบางตาล่า
PrachinBuri,วัดบึง
PrachinBuri,วัดอมาตยาราม
PrachinBuri,วัดบ้านโนน
PrachinBuri,วัดคู้ลำพัน
PrachinBuri,วัดบุพพาราม
PrachinBuri,วัดป่าหาดนางแก้ว
PrachinBuri,วัดป่าโพธิ์แก้ว
PrachinBuri,วัดหนองโพรง
PrachinBuri,วัดท่าข่อย
PrachinBuri,วัดใหม่พรหมสุวรรณ
PrachinBuri,วัดหัวไผ่
PrachinBuri,วัดรัตนชมภู
PrachinBuri,วัดหนองชะอม
PrachinBuri,วัดพระธาตุพงษ์คุณ
PrachinBuri,วัดอินทร์ไตรย์
PrachinBuri,วัดท่าเรือ
PrachinBuri,วัดบางปลาร้า
PrachinBuri,วัดกระทุ่มแพ้ว
PrachinBuri,วัดศรีสวัสดิ์
PrachinBuri,วัดใหม่กวางทอง
PrachinBuri,วัดสุทธิธรรม 
PrachinBuri,วัดศรีบุญเรือง
PrachinBuri,วัดบ้านด่าน
PrachinBuri,วัดปรือวนาราม
PrachinBuri,วัดทุ่งวิจิตร
PrachinBuri,วัดนครกบินทร์
PrachinBuri,วัดไชยมงคล
PrachinBuri,วัดรัตนโชติการาม
PrachinBuri,วัดผาสุขไพบูลย์
PrachinBuri,วัดนาบุญเฉลิมราษฎร์
PrachinBuri,วัดมาบเหียง
PrachinBuri,วัดสระมะเขือ
PrachinBuri,วัดป่าเกษมสุข
PrachinBuri,วัดโพธิญาณ
PrachinBuri,วัดบางกระเบา
PrachinBuri,วัดทวีชลขันธ์
PrachinBuri,วัดโคกอู่ทอง
PrachinBuri,วัดวังดินสอ
PrachinBuri,วัดบางแตน
PrachinBuri,วัดสระขุด
PrachinBuri,วัดโคกขี้เหล็ก
PrachinBuri,วัดมะกอกสีมาราม
PrachinBuri,วัดแก้วพิจิตร
PrachinBuri,วัดเจริญราษฎร์รังสรรค์
PrachinBuri,วัดป่าทรงธรรม  ตำบลโคกปีบ
PrachinBuri,วัดปรือวายใหญ่
PrachinBuri,วัดระเบาะเกตุ
PrachinBuri,วัดภักดีสุนทราวาส
PrachinBuri,วัดวังกวาง
PrachinBuri,วัดหนองแท่นพระ
PrachinBuri,วัดทับลาน
PrachinBuri,วัดจิกสูง
PrachinBuri,วัดโคกพนมดี
PrachinBuri,วัดทุ่งแฝก
PrachinBuri,วัดศรีวนาลัย
PrachinBuri,วัดใหม่โพธิ์เย็น
PrachinBuri,วัดบ้านพระ
PrachinBuri,วัดป่าญาณวิสุทธาวาส
PrachinBuri,วัดทุ่งสามัคคี
PrachinBuri,วัดชามีพุทโธวาท
PrachinBuri,วัดเนื่องเกียรตินิกร
PrachinBuri,วัดหนองจอก
PrachinBuri,วัดท่าอุดมสมบูรณาราม
PrachinBuri,วัดคลองตามั่น
PrachinBuri,วัดบ้านแก่ง
PrachinBuri,วัดแสงสว่าง
PrachinBuri,วัดปวิเวการาม
PrachinBuri,วัดสง่างาม
PrachinBuri,วัดไผ่งาม
PrachinBuri,วัดนางเลง
PrachinBuri,วัดสระแท่น
PrachinBuri,วัดป่าเมืองเก่า
PrachinBuri,วัดใหม่สูงเนิน
PrachinBuri,วัดด่านตะกั่วสามัคคี
PrachinBuri,วัดบ้านกุดตาเสก
PrachinBuri,วัดตะเคียนทอง
PrachinBuri,วัดบ้านโคกสว่าง
PrachinBuri,วัดนิโครธาวาส
PrachinBuri,วัดโปร่งพัฒนาราม ตำบลวังท่าช้าง
PrachinBuri,วัดราษฏร์ธรรมยุติกนิกายในอำเภอบ้านสร้าง
PrachinBuri,วัดลาดไพรจิตร
PrachinBuri,วัดหัวหว้าสามัคคี
PrachinBuri,วัดวังขอน
PrachinBuri,วัดแก้วสามัคคี
PrachinBuri,วัดเนินสูงวนาลัย
PrachinBuri,วัดหนองบัว
PrachinBuri,วัดอัมพวัน
PrachinBuri,วัดอุดมสันติ
PrachinBuri,วัดแสงจันทร์
PrachinBuri,วัดหนองไผ่ล้อม
PrachinBuri,วัดหลวงปรีชากุล
PrachinBuri,วัดอินทรแบก
PrachinBuri,วัดนาปรือ
PrachinBuri,วัดดงคุย
PrachinBuri,วัดคชรัตน์
PrachinBuri,วัดหนองจวง
PrachinBuri,วัดสระจาน
PrachinBuri,วัดคลองปลาดุกลาย
PrachinBuri,วัดหนองคุ้ม
PrachinBuri,วัดนูประสาทวราวาส
PrachinBuri,วัดเขาน้อย
PrachinBuri,วัดบ้านหอย
PrachinBuri,วัดสารวนาราม
PrachinBuri,วัดประทุมบูชา
PrachinBuri,วัดคลองหอทอง
PrachinBuri,วัดวาปีรัตนาราม
PrachinBuri,วัดบ้านไผ่
PrachinBuri,วัดบุสูง
PrachinBuri,วัดบางไผ่
PrachinBuri,วัดอุดมวิทยาราม
PrachinBuri,วัดเทวบุตร
PrachinBuri,วัดศรีประจันตคาม
PrachinBuri,วัดหว้าเอน
PrachinBuri,วัดโคกเขื่อน
PrachinBuri,วัดคำภู
PrachinBuri,วัดสำโรงวนาราม
PrachinBuri,วัดหนองนมหนู
PrachinBuri,วัดเรไร
PrachinBuri,วัดทุ่งตะลุมพุก
PrachinBuri,วัดอรัญญาราม
PrachinBuri,วัดพรหมเสนาราม
PrachinBuri,วัดบ้านสร้าง
PrachinBuri,วัดศรีเจริญราษฎร์ศรัทธาธรรม
PrachinBuri,วัดมงคลชัย
PrachinBuri,วัดป่าทรงคุณ
PrachinBuri,วัดแก้วฟ้ารังษี
PrachinBuri,วัดเขาอีโต้ 
PrachinBuri,วัดเนินอีแจน
PrachinBuri,วัดแหลมหิน
PrachinBuri,วัดบุญเกิด
PrachinBuri,วัดสามัคคีสุขาราม
PrachinBuri,วัดโบสถ์
PrachinBuri,วัดทับไทรธรรมาราม
PrachinBuri,วัดธรรมารังสฤษฎิ์
PrachinBuri,วัดราษฎร์รังษี
PrachinBuri,วัดเทพประสิทธยาราม
PrachinBuri,วัดประดิษฐาราม
PrachinBuri,วัดย่านรี
PrachinBuri,วัดป่าทรงธรรม
PrachinBuri,วัดพิกุลวนาราม
PrachinBuri,วัดดงบัง
PrachinBuri,วัดกรุงราษฎร์บำรุง
PrachinBuri,วัดโคกมะกอก
PrachinBuri,วัดพรหมประสิทธิ์
PrachinBuri,วัดหนองนาใน
PrachinBuri,วัดป่ามะไฟ
PrachinBuri,วัดชัยมงคลอุบลแสวงธรรม
PrachinBuri,วัดโยธาราษฎร์ศรัทธาธรรม
PrachinBuri,วัดคลองร่วมพัฒนา
PrachinBuri,วัดประเถท
PrachinBuri,วัดใหม่กรงทอง
PrachinBuri,วัดชะอม
PrachinBuri,วัดวังมะกรูด
PrachinBuri,วัดบุฝ้าย
PrachinBuri,วัดสระดู่ 
PrachinBuri,วัดหนองตลาด
PrachinBuri,วัดโคกลาน
PrachinBuri,วัดบรรพตรัตนาราม
PrachinBuri,วัดเกาะมะไฟ
PrachinBuri,วัดใหม่ดงกระทงยาม
PrachinBuri,วัดหนองปรือ
PrachinBuri,วัดปากแพรก
PrachinBuri,วัดบ้านเขาถ้ำ
PrachinBuri,วัดสันทรีย์
PrachinBuri,วัดคลองคล้า
PrachinBuri,วัดราษฏร์ธรรมยุติกนิกาย
PrachinBuri,วัดโคกบ้าน
PrachinBuri,วัดทุ่งไม้ค้าง
PrachinBuri,วัดเขาพระธรรมขันธ์
PrachinBuri,วัดสามัคคีสโมสร
PrachinBuri,วัดนิคมพัฒนา
PrachinBuri,วัดท่าศาลา
PrachinBuri,วัดราษฎร์เจริญศรัทธาธรรม
PrachinBuri,วัดแก่งดินสอ
PrachinBuri,วัดดงขี้เหล็ก
PrachinBuri,วัดโคกป่าแพง
PrachinBuri,วัดบูรณะราษฎร์ศรัทธาทำ
PrachinBuri,วัดกำแพง
PrachinBuri,วัดคุ้มเจริญ
PrachinBuri,วัดดงยาง
PrachinBuri,วัดเวฬุวนาราม
PrachinBuri,วัดสามัคคีพัฒนาราม
PrachinBuri,วัดบ้านคุ้ม
PrachinBuri,วัดโพธิ์ศรีถาวร
PrachinBuri,วัดใหม่สระบุรี
PrachinBuri,วัดธารเลา
PrachinBuri,วัดกระแจะ
PrachinBuri,วัดหนองสะแก
PrachinBuri,วัดนาคำ
PrachinBuri,วัดหนองสังข์
PrachinBuri,วัดป่าประดู่
PrachinBuri,วัดคลองมะเลา
PrachinBuri,วัดวัฒนารังษี
PrachinBuri,วัดเนินแสงทอง
PrachinBuri,วัดยายเม้าเตี้ย
PrachinBuri,วัดป่าญาณสิริสุทธาราม
PrachinBuri,วัดเลียบ
PrachinBuri,วัดสุนทรศรัทธาธรรม
PrachinBuri,วัดเกาะแดง
PrachinBuri,วัดหนองระเนตร
PrachinBuri,วัดทุ่งยาว
PrachinBuri,วัดธรรมารามประดิษฐ
PrachinBuri,วัดคลองมะไฟ
PrachinBuri,วัดบูรพาราม
PrachinBuri,วัดธรรมโพธิศรี
PrachinBuri,วัดสามัคคีธรรม
PrachinBuri,วัดทุ่งประพาส
PrachinBuri,วัดลำดวน
PrachinBuri,วัดหนองหอย
PrachinBuri,วัดโคกอุดม
PrachinBuri,วัดเนินผาสุกผลาราม 
PrachinBuri,วัดบ้านท่ากะทุ่ม 
PrachinBuri,วัดห้วยเกษียร
PrachinBuri,วัดลิรัญดอน 
PrachinBuri,วัดหลวงบดินทร์เดชา
PrachinBuri,วัดหลังถ้ำ
PrachinBuri,วัดดงไชยมัน
PrachinBuri,วัดหนองเกตุ
PrachinBuri,วัดจันทรังษี
PrachinBuri,วัดต้นโพธิ์ศรีมหาโพธิ
PrachinBuri,วัดศรีสุทธาวาส
PrachinBuri,วัดมะขามทอง
PrachinBuri,วัดนาแขม
PrachinBuri,วัดโคกอุดมดี
PrachinBuri,วัดเขาวงศ์
PrachinBuri,วัดเกตุการาม
PrachinBuri,วัดอินทร์ประชาราษฎร์
PrachinBuri,วัดหาดสูง
PrachinBuri,วัดบางคาง
PrachinBuri,วัดศีรษะเมือง
PrachinBuri,วัดมุ่งประสิทธิ์
PrachinBuri,วัดโป่งไผ่
PrachinBuri,วัดบ้านยาง
PrachinBuri,วัดหนองโดน
PrachinBuri,วัดหัวซาธรรมิการาม
PrachinBuri,วัดโคกมะม่วง
PrachinBuri,วัดสัมพันธ์
PrachinBuri,วัดเกาะเค็ดนอก
PrachinBuri,วัดเนาวรัตนาราม
PrachinBuri,วัดเนินบาก
PrachinBuri,วัดสนามพลี
PrachinBuri,วัดเขาดิน
PrachinBuri,วัดนพคุณทอง
PrachinBuri,วัดวังบัวทอง
PrachinBuri,วัดท้าวอู่ทอง
PrachinBuri,วัดสมบูรณ์ทรัพย์
PrachinBuri,วัดประสาธน์รังสรรค์
PrachinBuri,วัดประจันตคามเสมาราม ตำบลโพธิ์งาม
PrachinBuri,วัดสุวรรณวิทยาราม
PrachinBuri,วัดหนองแก้ว
PrachinBuri,วัดต้นสะตือ
PrachinBuri,วัดบางต้นจิก
PrachinBuri,วัดสามัคคีภิรมย์
PrachinBuri,วัดโพธาราม
PrachinBuri,วัดศรีสุวรรณาราม
PrachinBuri,วัดโพธิ์ศรี
PrachinBuri,วัดมหาไชย
PrachinBuri,วัดไพบูลย์ศรัทธาทำ
PrachinBuri,วัดพันธ์ศรี
PrachinBuri,วัดสิกขวัฒนาราม
PrachinBuri,วัดทัพช้าง
PrachinBuri,วัดป่าภาวนาธรรม
PrachinBuri,วัดหนองประเทือง
PrachinBuri,วัดคลองสมบูรณ์
PrachinBuri,วัดเทพพิทักษ์บุญญาราม
PrachinBuri,วัดหนองหูช้าง
PrachinBuri,วัดใหม่นาบุญ
PrachinBuri,วัดคลองระกำ
PrachinBuri,วัดหาดสะแก
PrachinBuri,วัดพรหมรังษี
PrachinBuri,วัดเนินดินแดง
PrachinBuri,วัดกลางเมืองเก่า
PrachinBuri,วัดมูลเหล็ก
PrachinBuri,วัดโนนสูง
PrachinBuri,วัดศรีมงคล
PrachinBuri,วัดตะคร้อ
PrachinBuri,วัดหนองกระจับ 
PrachinBuri,วัดโคกปีบ
PrachinBuri,วัดหนองเต่า
PrachinBuri,วัดพระยาทำ
PrachinBuri,วัดศรีเงินเจริญสุข
PrachinBuri,วัดพิทักษ์โสภณ
PrachinBuri,วัดโนนสะอาด
PrachinBuri,วัดศรีจันทราราม
PrachinBuri,วัดรัตนรังษี
PrachinBuri,วัดแจ้ง
PrachinBuri,วัดโพธิ์งาม
PrachinBuri,วัดหนองปรือน้อย
PrachinBuri,วัดรัตนเนตตาราม
PrachinBuri,วัดบ้านหว้าน
PrachinBuri,วัดอินทาราม
PrachinBuri,วัดเนินหอม
PrachinBuri,วัดบุยายใบ
PrachinBuri,วัดบรรพตเขมาราม
PrachinBuri,วัดไทรงาม
PrachinBuri,วัดตรอกปลาไหล
PrachinBuri,วัดโสมสุทธาวาส
PrachinBuri,วัดขิงกระชาย
PrachinBuri,วัดบ้านด่านศรัทธาอุดม
PrachinBuri,วัดแหลมไผ่
PrachinBuri,วัดประทุมวนาวาส 
PrachinBuri,วัดสว่างอารมณ์
PrachinBuri,วัดปทุมสราราม
PrachinBuri,วัดบางเตย
PrachinBuri,วัดชัยมงคล
PrachinBuri,วัดราษฎร์นิยม
PrachinBuri,วัดเนินไม้หอม
PrachinBuri,วัดท่าพาณิชย์
PrachinBuri,วัดคลองเฆ่
PrachinBuri,วัดป่าทรงนิมิตร  ตำบลโคกปีบ
PrachinBuri,วัดประจันตคามเสมาราม
PrachinBuri,วัดป่าหนองใหญ่
PrachinBuri,วัดหัวเขา
PrachinBuri,วัดบางแขยง
PrachinBuri,วัดม่วงขาว 
PrachinBuri,วัดเนินสูง
PrachinBuri,วัดหนองชาติ
PrachinBuri,วัดเหลืองทองรังษี
PrachinBuri,วัดเกาะสมอ
PrachinBuri,วัดตันทาราม
PrachinBuri,วัดหนองกระจับ
PrachinBuri,วัดบ่อแร่
PrachinBuri,วัดหนองศรีวิชัย
PrachinBuri,วัดหนองทะเล
PrachinBuri,วัดคำเลียบ
PrachinBuri,วัดหนองหัวคู
PrachinBuri,วัดหัวกรด
PrachinBuri,วัดเกาะแก้วสถาวร
PrachinBuri,วัดใหม่ประชุมชน
PrachinBuri,วัดบ่อทองรังสรรค์
PrachinBuri,วัดสมศรีราษฎร์
PrachinBuri,วัดสระข่อย
PrachinBuri,วัดป่าอุดมสุข
PrachinBuri,วัดดอนใหญ่
PrachinBuri,วัดเนินผาสุข
PrachinBuri,วัดเกาะเค็ดใน
PrachinBuri,วัดหนองงูเหลือม
PrachinBuri,วัดโคกสว่าง
PrachinBuri,วัดหนองจรเข้
PrachinBuri,วัดสัปปโคน
PrachinBuri,วัดโคกกรวด
PrachinBuri,วัดโคกกระจง
PrachinBuri,วัดวังน้ำขุ่น
PrachinBuri,วัดห้วยเกษียรใหญ่
PrachinBuri,วัดแปลงประดู่
PrachinBuri,วัดสระมรกต
PrachinBuri,วัดศรีกบินทร์
PrachinBuri,วัดบ้านโง้ง
PrachinBuri,วัดป่าเนินกลาง
PrachinBuri,วัดคลองกลาง
PrachinBuri,วัดราษฎร์รังสฤษฎิ์
PrachinBuri,วัดมะกอกแก้ว
PrachinBuri,วัดดงพระราม
PrachinBuri,วัดหนองคล้า
PrachinBuri,วัดสอนิมิตร
PrachinBuri,วัดประสาทรังสฤษดิ์
PrachinBuri,วัดประชาวาสอัมพวัน
PrachinBuri,วัดเขาลูกช้าง
prayao,วัดป่าแดงบุญนาค
prayao,วัดร่องปอ
prayao,วัดปงสนุก
prayao,วัดนาเจริญ
prayao,วัดอนาลโยทิพยาราม
prayao,วัดใหม่ดอนมูล
prayao,วัดพระธาตุขิงแกง
prayao,วัดป่าหนองหวี
prayao,วัดหลวงราชสัณฐาน
prayao,วัดป่าแฝกใต้
prayao,วัดแม่เย็นใต้
prayao,วัดรัตนวนาราม
prayao,วัดศรีโคมคำ
prayao,วัดอารามป่าน้อย
prayao,วัดดอยกู่ไก่แก้ว 
prayao,วัดหาดแฟน
prayao,วัดแบ่ง
prayao,วัดวังเค็มเก่า
prayao,วัดศรีจอมแจ้ง
prayao,วัดควร
prayao,วัดตุ่นใต้
prayao,วัดดู่
prayao,วัดวังถ้ำ
prayao,วัดทุ่งแต
prayao,วัดท่ากลอง
prayao,วัดจำไก่
prayao,วัดสันต้นหวีด
prayao,วัดศรีบุญชุม
prayao,วัดหัวขัว
prayao,วัดท่าร้อง
prayao,วัดป่าสัก
prayao,วัดแม่กาโทกหวาก
prayao,วัดภูเงิน
prayao,วัดสันกำแพง
prayao,วัดพระธาตุดอยน้อย
prayao,วัดปัว
prayao,วัดร่องป่าเปา
prayao,วัดศรีบุญเรือง
prayao,วัดร่องเข็ม
prayao,วัดทราย
prayao,วัดสันป่าเหียง
prayao,วัดสันป่าก้าว
prayao,วัดสันบัวบก
prayao,วัดศรีล้อม
prayao,วัดไชยมงคล
prayao,วัดควรดง
prayao,วัดต๊ำเหล่า
prayao,วัดหัวทุ่ง
prayao,วัดสุจิตธรรม 
prayao,วัดพระธาตุภูปอ 
prayao,วัดงิ้วหงกเวียงโกมคำนคร
prayao,วัดทุ่งกาไชย
prayao,วัดดอนมูล
prayao,วัดห้วยทรายคำ
prayao,วัดเก้าเงา
prayao,วัดกอก
prayao,วัดกาดถี
prayao,วัดศรีบุญยืน
prayao,วัดอินทร์ฐาน
prayao,วัดพระธาตุจอมไคร้
prayao,วัดต๋อมกลาง
prayao,วัดป่าแดง
prayao,วัดห้วยไคร้
prayao,วัดต๋อมใต้
prayao,วัดเมืองอิงหลวง
prayao,วัดทองแย้ม
prayao,วัดต๊ำน้ำล้อม
prayao,วัดทุ่มท่า
prayao,วัดป่าแฝกเหนือ
prayao,วัดสันป่าถ่อน
prayao,วัดกำแพงหิน
prayao,วัดบ้านเลี้ยว
prayao,วัดตุ่นกลาง
prayao,วัดใหม่บ้านบอน
prayao,วัดม่อนป่าสัก
prayao,วัดฝายกวาง
prayao,วัดบุญยืน
prayao,วัดบัวหล่าย 
prayao,วัดศรีเมืองชุม
prayao,วัดกิ่วชมภู
prayao,วัดศรีเมืองมูล
prayao,วัดทุ่งกว๋าว
prayao,วัดพระธาตุขุนห้วยสวด
prayao,วัดใหม่หลวง
prayao,วัดแม่ทะลาย
prayao,วัดต้นต้องเวียงโกมคำนคร
prayao,วัดสันเวียงใหม่
prayao,วัดพระธาตุกู่ตั้ง
prayao,วัดบ้านโป่ง
prayao,วัดแม่พริกเทพนิมิตร
prayao,วัดผาลาด
prayao,วัดมงคลคีรี
prayao,วัดบุญฮอม
prayao,วัดแม่ต๋ำ
prayao,วัดแผ่นดินทอง
prayao,วัดพระธาตุแจ่โห้ว
prayao,วัดบ้านทุ่ง
prayao,วัดแม่สุก
prayao,วัดผาตั้ง
prayao,วัดทุ่งต้นศรี
prayao,วัดเชียงบาน
prayao,วัดสุขเกษม
prayao,วัดศรีดอนมูล
prayao,วัดปัวใหม่
prayao,วัดก๊อน้อย
prayao,วัดป่าแดด
prayao,วัดห้วยบง
prayao,วัดนันตาราม 
prayao,วัดหนอง
prayao,วัดหลวง
prayao,วัดงุ้นพัฒนา
prayao,วัดสังคหะราษฎร์
prayao,วัดศรีดอนชัย
prayao,วัดป่าม่วง
prayao,วัดทุ่งหนอง
prayao,วัดราษฎร์บำรุง
prayao,วัดสลาบ
prayao,วัดเหล่าธาตุ
prayao,วัดบ้านปิน
prayao,วัดแม่สุกธาตุ
prayao,วัดหม้อแกงทอง
prayao,วัดสะพานดำ
prayao,วัดร่องคำ
prayao,วัดพระธาตุจอมคีรีเวียงหม้าย
prayao,วัดสันทราย
prayao,วัดแม่จั๊วะ
prayao,วัดบ้านหลวง
prayao,วัดดอกบัว
prayao,วัดหนองลาว
prayao,วัดจนหลวง
prayao,วัดกว้าน
prayao,วัดพระธาตุมุงเมือง
prayao,วัดทัศนาราม
prayao,วัดห้วยขุ่น
prayao,วัดช้างหิน
prayao,วัดสักลอ
prayao,วัดบ้านตุ่น
prayao,วัดกู่ผางลาง
prayao,วัดร่องไฮ
prayao,วัดใหม่พัฒนา 
prayao,วัดแม่กาไร่
prayao,วัดหนองบัว
prayao,วัดทุ่งกิ่ว
prayao,วัดห้วยเคียนเหนือ
prayao,วัดสันต้นแหน
prayao,วัดสางเหนือ
prayao,วัดใหม่ต้นฝาง
prayao,วัดสันสลี
prayao,วัดดอนแก้ว
prayao,วัดป่าฝาง
prayao,วัดบุญเรือง
prayao,วัดเกษศรี
prayao,วัดดอนตัน
prayao,วัดพระธาตุจำม่วง
prayao,วัดต๊ำป่าลาน
prayao,วัดสระใต้
prayao,วัดเปื๋อยเปียง
prayao,วัดป่ากล้วยงาม
prayao,วัดศรีปิงเมือง
prayao,วัดสั่นป่างิ้วงาม
prayao,วัดสันช้างหิน
prayao,วัดกิ่วแก้ว
prayao,วัดพระแก้ว
prayao,วัดบุบผาราม
prayao,วัดแม่ทาย
prayao,วัดแม่ใส
prayao,วัดศรีพรมบัวนาค
prayao,วัดนาดอ
prayao,วัดศรีอุโมงค์คำ
prayao,วัดป่าแฝกกลาง
prayao,วัดเชียงหมั้น
prayao,วัดบ้านงิ้ว
prayao,วัดราชคฤห์
prayao,วัดปัจฉิมวาส
prayao,วัดดอนเงิน
prayao,วัดก๊อซาว
prayao,วัดบ่อเบี้ย
prayao,วัดบุญเกิด
prayao,วัดพระธาตุดอยคำ
prayao,วัดบุญโยง
prayao,วัดบ้านแม่ปืม
prayao,วัดน้ำปุก
prayao,วัดแวนโค้ง
prayao,วัดแสะ
prayao,วัดทุ่งมอก
prayao,วัดศรีดอนตัน
prayao,วัดน้ำมิน
prayao,วัดภูมินทร์
prayao,วัดพระธาตุสบแวน
prayao,วัดศรีดอนชัย 
prayao,วัดป่าแขม
prayao,วัดหล่ายทุ่ง
prayao,วัดทุ่งควบ
prayao,วัดศรีเมืองมาง
prayao,วัดแม่ต๋อมใน
prayao,วัดไทยสุภาพ
prayao,วัดหนองสระ
prayao,วัดอิงโค้ง 
prayao,วัดเทพวราราม
prayao,วัดศรีดอนแก้ว
prayao,วัดศรีเกิด
prayao,วัดสบบง
prayao,วัดทุ่งหล่ม
prayao,วัดห้วยข้าวก่ำ
prayao,วัดผาฮาว
prayao,วัดหัวข่วงแก้ว
prayao,วัดดอนเหล็ก
prayao,วัดม่วง
prayao,วัดม่วงคำ
prayao,วัดพวงพยอม
prayao,วัดสบสา
prayao,วัดท่าฟ้าเหนือ
prayao,วัดพระธาตุต้นฝาง
prayao,วัดสีพรม
prayao,วัดหนองบัวเงิน
prayao,วัดพระธาตุโป่งขาม
prayao,วัดห้วยลึก
prayao,วัดเชียงคาน
prayao,วัดนาปรัง
prayao,วัดพระธาตุดอยจุก
prayao,วัดแวนวัฒนา
prayao,วัดจำบอน
prayao,วัดปางมดแดง
prayao,วัดแดนเมือง
prayao,วัดเชียงทอง
prayao,วัดฝั่งหมิ่น
prayao,วัดศรีสุพรรณ
prayao,วัดห้วยผาเกี๋ยง
prayao,วัดบ้านบัว
prayao,วัดศรีกู่เอี้ยง
prayao,วัดสันปูเลย
prayao,วัดสันกลาง
prayao,วัดศรีชุม
prayao,วัดลี
prayao,วัดห้วยสิงห์
prayao,วัดสันป่าพาด
prayao,วัดดงสุวรรณ
prayao,วัดร่องชมภู
prayao,วัดป่าคา
prayao,วัดแม่วังช้าง
prayao,วัดหนองเลา
prayao,วัดม่วงชุม
prayao,วัดเนินสามัคคี
prayao,วัดตาลถ้อย
prayao,วัดบ้านโซ้
prayao,วัดแสนเมืองมา
prayao,วัดพระธาตุจำไก่
prayao,วัดแม่นาเรือ
prayao,วัดพระธาตุจอมทอง
prayao,วัดร่องค้อม
prayao,วัดกองแล
prayao,วัดทุ่งกล้วย
prayao,วัดร้องใหม่
prayao,วัดบุญนาค
prayao,วัดสันดอนแก้ว
prayao,วัดป่าคาใหม่
prayao,วัดร่องคือ
prayao,วัดค้างหงษ์
prayao,วัดเนินสมบูรณ์วนาราม
prayao,วัดค่าไพบูลย์
prayao,วัดบ้านเหยี่ยน
prayao,วัดปิน
prayao,วัดคุ้ม
prayao,วัดธรรมมิการาม
prayao,วัดร่องส้าน
prayao,วัดปัวชัย
prayao,วัดปงใหม่
prayao,วัดทุ่งหลวง
prayao,วัดห้วยสา
prayao,วัดเจดีย์งาม
prayao,วัดพระธาตุบุญนาค
prayao,วัดฮวก
prayao,วัดปง
prayao,วัดวังบง
prayao,วัดสันกว๊าน
prayao,วัดพระธาตุภูซาง
prayao,วัดสันต้นม่วง
prayao,วัดน้ำฮาก
prayao,วัดปันเจิง
prayao,วัดห้วยเกี๋ยง
prayao,วัดห้วยแก้วหลวง
prayao,วัดบุญชุม
prayao,วัดดงบุญนาค
prayao,วัดโพธาราม
prayao,วัดร่องย้าง
prayao,วัดแก
prayao,วัดจำปา
prayao,วัดเกษมสันติวนาราม
prayao,วัดสถิตย์ธัมมาราม
prayao,วัดท่าฟ้าใต้
prayao,วัดพระธาตุจอมศีล
prayao,วัดดงอินตา
prayao,วัดแม่กาหลวง
prayao,วัดใคร้ป่าคา
prayao,วัดบ้านไร่
prayao,วัดห้วยยางขาม
prayao,วัดบุญโยชน์
prayao,วัดนาอ้อม
prayao,วัดศรีมงคล
prayao,วัดสงเคราะห์ราษฎร์
prayao,วัดจำปาหลวง
prayao,วัดร่องห้า
prayao,วัดไชยสถาน
prayao,วัดห้วยเคียน
prayao,วัดปางวัว
prayao,วัดศรีไฮคำ
prayao,วัดหย่วน
prayao,วัดต๊ำกลาง
prayao,วัดต๋อมดง
prayao,วัดสา
prayao,วัดพระนั่งดิน
prayao,วัดป่าลานคำ
prayao,วัดห้วยงิ้ว
prayao,วัดเมืองชุม
prayao,วัดน้ำแป้งพนาราม
prayao,วัดฝายแก้ว
prayao,วัดป่าตุ้ม
prayao,วัดสันต้นผึ้ง
prayao,วัดร้อง
prayao,วัดร้องเชียงแรง
prayao,วัดสระ
prayao,วัดสันหลวง
prayao,วัดห้วยทรายเลื่อน
prayao,วัดบ้านธาตุ
prayao,วัดสว่างอารมณ์
prayao,วัดพระธาตุภูขวาง
prayao,วัดแช่แห้ง
prayao,วัดปทุมทอง
prayao,วัดร่องดู่
prayao,วัดสีมา
prayao,วัดไร่แสนสุข
prayao,วัดทุ่งเย็น
prayao,วัดดอยอิสาน
prayao,วัดปัวดอย
prayao,วัดทุ่งรวงทอง
prayao,วัดต๊ำพระแล
prayao,วัดปัวแหลง
prayao,วัดหนองร่มเย็น 
prayao,วัดสถาน
prayao,วัดสุวรรณคูหา
prayao,วัดต๊ำม่อน 
prayao,วัดแม่กาห้วยเคียน
prayao,วัดหัวนา
prayao,วัดศรีจอมเรือง
prayao,วัดศรีบังวัน
prayao,วัดหล่ายพัฒนา
prayao,วัดปี้
prayao,วัดเชียงยืน
prayao,วัดสร้อยศรี
prayao,วัดรัตนคูหาวนาราม
prayao,วัดหล่าย
prayao,วัดประชาสามัคคี 
prayao,วัดไชยพรม
prayao,วัดร่องไผ่
prayao,วัดใหม่น้ำเงิน
prayao,วัดดอนไชย
prayao,วัดฝายหิน
prayao,วัดห้วยทรายขาว
prayao,วัดต๊ำนกกก
prayao,วัดหนองขวง
prayao,วัดศรีปันต้น
prayao,วัดสันหมื่นแก้ว
prayao,วัดอนุมัติวงศ์
prayao,วัดดอนเรือง
prayao,วัดบ้านปุ 
prayao,วัดแท่นคำ
prayao,วัดปางผักหม
prayao,วัดขุนต๊ำ
prayao,วัดป่าสักคำ
prayao,วัดไชยพฤกษ์
prayao,วัดบ่อแฮ้ว
prayao,วัดบ้านซ่อน
prayao,วัดทุ่งแขม
prayao,วัดสักสัน
prayao,วัดบ้านแฮะ
prayao,วัดวังเค็มใหม่
prayao,วัดต๊ำดอนมูล
prayao,วัดพระธาตุดอยหยวก
prayao,วัดปางถ้ำ
prayao,วัดไชยอาวาส
prayao,วัดศรีสำราญ
prayao,วัดน้ำจุน
prayao,วัดหงส์หิน
prayao,วัดท่าจำปี
prayao,วัดสันป่าสัก
prayao,วัดโป่งเกลือ
prayao,วัดสันป่าม่วง
prayao,วัดทุ่งติ้ว
prayao,วัดล้า
prayao,วัดผาช้างมูบ
prayao,วัดพระธาตุแสงแก้วมงคล
prayao,วัดห้วยหม้อ
prayao,วัดปางป้อม
prayao,วัดดาวเรือง
pattani,วัดตานีนรสโมสร
pattani,วัดมุจลินทวาปีวิหาร
pattani,วัดภมรคติวัน
pattani,วัดโพธาราม
pattani,วัดปลักปรือ
pattani,วัดควนน้อย
pattani,วัดบุพพนิมิตร
pattani,วัดป่าสวย
pattani,วัดทุ่งข่อย
pattani,วัดช้างให้ราษฎร์บูรณาราม
pattani,วัดหนองครก
pattani,วัดคลองช้าง
pattani,วัดมะเดื่อทอง
pattani,วัดศรีมหาโพธิ์
pattani,วัดทรายขาว
pattani,วัดนิคมควนเปล
pattani,วัดโรงวาส
pattani,วัดพลานุภาพ
pattani,วัดอรัญวาสิการาม
pattani,วัดนาประดู่
pattani,วัดนิคมสถิตย์
pattani,วัดปุราณประดิษฐ์
pattani,วัดสุนทรวารี
pattani,วัดธนาภิมุข
pattani,วัดบ้านไร่
pattani,วัดบันลือคชาวาส
pattani,วัดปุหรน
pattani,วัดมะปรางมัน
pattani,วัดมะกรูด
pattani,วัดโมลีนิมิต
pattani,วัดหน้าเกตุ
pattani,วัดหัวควน
pattani,วัดควนนอก
pattani,วัดควนใน
pattani,วัดญาโณทัย
pattani,วัดมหิงษาราม
pattani,วัดดอนกลาง
pattani,วัดดอนตะวันออก
pattani,วัดดิษฐาวาส
pattani,วัดโพธาราม
pattani,วัดเทพนิมิตร
pattani,วัดศรีสุดาจันทร์
pattani,วัดประจันตคาม
pattani,วัดพรหมประสิทธิ์
pattani,วัดสำเภาเชย
pattani,วัดสาละวัน
pattani,วัดหงสาราม
pattani,วัดประเวศน์ภูผา
pattani,วัดมาลีนิเวศน์
pattani,วัดขจรประชาราม
pattani,วัดหลักเมือง
pattani,วัดบ้านดี
pattani,วัดนิกรชนาราม
pattani,วัดสันติการาม
pattani,วัดนพวงศาราม
pattani,วัดสารวัน
pattani,วัดโชติรส
pattani,วัดมหันตคาม
pattani,วัดไม้แก่น
pattani,วัดโคกหญ้าคา
pattani,วัดอัมพวนาราม
pattani,วัดคามวาสิการาม
pattani,วัดมหิงษ์สุวรรณนิมิต
pattani,วัดป่าศรี
pattani,วัดกุสาวดี
pattani,วัดปิยาราม
pattani,วัดตะเคียนทอง
pattani,วัดบูรพาราม
pattani,วัดมัชฌิมาวาส
pattani,วัดมะปริงวารีราม
pattani,วัดเลียบ
pattani,วัดวิมลวัฒนาราม
pattani,วัดปทุมวารี
pattani,วัดทุ่งคล้า
pattani,วัดถัมภาวาส
pattani,วัดจุฬามณี
pattani,วัดโบกขรณี
pattani,วัดสุทธิกาวาส
pattani,วัดสุวรรณากร
pattani,วัดสถิตย์ชลธาร
pattani,วัดสุนันทาราม
pattani,วัดยานิการาม
Ayutthaya,วัดกกแก้วบูรพา
Ayutthaya,วัดกระแซง
Ayutthaya,วัดกระโจมทอง
Ayutthaya,วัดกระโดงทอง
Ayutthaya,วัดกลาง
Ayutthaya,วัดกลางขุย
Ayutthaya,วัดกลางคลองวัฒนาราม
Ayutthaya,วัดกลางคลองสระบัว
Ayutthaya,วัดกลางทุ่ง
Ayutthaya,วัดกลางปากกราน
Ayutthaya,วัดกลางรามัญ
Ayutthaya,วัดกลางเกาะระกำ
Ayutthaya,วัดกล้วย
Ayutthaya,วัดกษัตราธิราชวรวิหาร
Ayutthaya,วัดกอไผ่
Ayutthaya,วัดกะสังข์
Ayutthaya,วัดกำแพง
Ayutthaya,วัดกำแพงแก้ว
Ayutthaya,วัดกุฎีกรุ
Ayutthaya,วัดกุฎีทอง
Ayutthaya,วัดกุฎีประสิทธิ์
Ayutthaya,วัดกุฎีลาย
Ayutthaya,วัดกุ่มแต้
Ayutthaya,วัดขนอน
Ayutthaya,วัดขนอนเหนือ
Ayutthaya,วัดขนอนใต้
Ayutthaya,วัดขุนจ่าธรรมาราม
Ayutthaya,วัดขุนทราย
Ayutthaya,วัดขุนทิพย์
Ayutthaya,วัดขุนพรหม
Ayutthaya,วัดขุมแก้ว
Ayutthaya,วัดคงษาสุทธาราม
Ayutthaya,วัดครุฑธาราม
Ayutthaya,วัดคลองตัน
Ayutthaya,วัดคลองน้ำชา
Ayutthaya,วัดคลองบุญ
Ayutthaya,วัดคลองพุทรา
Ayutthaya,วัดคานหาม
Ayutthaya,วัดคู้สลอดวุฒิโสภณ
Ayutthaya,วัดค่าย
Ayutthaya,วัดจงกลณี
Ayutthaya,วัดจรเข้ไล่
Ayutthaya,วัดจอมเกษ
Ayutthaya,วัดจักราช
Ayutthaya,วัดจันทร์
Ayutthaya,วัดจันทร์ประเทศ
Ayutthaya,วัดจันทาราม
Ayutthaya,วัดจำปา
Ayutthaya,วัดจุฬามณี
Ayutthaya,วัดฉัตรทองดำริธรรม
Ayutthaya,วัดชายนา
Ayutthaya,วัดชีปะขาว
Ayutthaya,วัดชีโพน
Ayutthaya,วัดชุมพล
Ayutthaya,วัดชุมพลนิกายารามราชวรวิหาร
Ayutthaya,วัดชุมแสง
Ayutthaya,วัดชูจิตธรรมาราม
Ayutthaya,วัดช่างทอง
Ayutthaya,วัดช่างเหล็ก
Ayutthaya,วัดช้าง
Ayutthaya,วัดช้างใหญ่
Ayutthaya,วัดซึก
Ayutthaya,วัดญาณเสน
Ayutthaya,วัดดงหวาย
Ayutthaya,วัดดอกไม้
Ayutthaya,วัดดอนกลาง
Ayutthaya,วัดดอนพัฒนาราม
Ayutthaya,วัดดอนพุทรา
Ayutthaya,วัดดอนลาน
Ayutthaya,วัดดอนหญ้านาง
Ayutthaya,วัดดาวคะนอง
Ayutthaya,วัดดุสิดาราม
Ayutthaya,วัดตรีพาราสีมาเขต
Ayutthaya,วัดตลาด
Ayutthaya,วัดตลาดเกรียบ
Ayutthaya,วัดตองปุ
Ayutthaya,วัดตะกู
Ayutthaya,วัดตะเคียน
Ayutthaya,วัดตะโก
Ayutthaya,วัดตะโหนด
Ayutthaya,วัดตาลานเหนือ
Ayutthaya,วัดตาลานใต้
Ayutthaya,วัดตาลเอน
Ayutthaya,วัดตำหนัก
Ayutthaya,วัดตำหนักพระเจ้าทรงธรรม
Ayutthaya,วัดตึก
Ayutthaya,วัดตึกคชหิรัญศรัทธาราม
Ayutthaya,วัดตูม
Ayutthaya,วัดต้นสะตือ
Ayutthaya,วัดถลุงเหล็ก
Ayutthaya,วัดทรงกุศล
Ayutthaya,วัดทอง
Ayutthaya,วัดทองจันทริการาม
Ayutthaya,วัดทองทรงธรรม
Ayutthaya,วัดทองบ่อ
Ayutthaya,วัดทางกลาง
Ayutthaya,วัดทางยาว
Ayutthaya,วัดทางหลวง
Ayutthaya,วัดทำเลไทย
Ayutthaya,วัดทุ่งชาน
Ayutthaya,วัดทุ่งมล
Ayutthaya,วัดทุ่งศรีโพธิ์
Ayutthaya,วัดท่า
Ayutthaya,วัดท่าการ้อง
Ayutthaya,วัดท่าซุงทักษิณาราม
Ayutthaya,วัดท่าดินแดง
Ayutthaya,วัดท่าตอ
Ayutthaya,วัดท่าสุทธาวาส
Ayutthaya,วัดท่าโขลง วัดตูม
Ayutthaya,วัดท้าวอู่ทอง
Ayutthaya,วัดธรรมจริยา
Ayutthaya,วัดธรรมจักร์
Ayutthaya,วัดธรรมนาวา
Ayutthaya,วัดธรรมนิยม
Ayutthaya,วัดธรรมรส
Ayutthaya,วัดธรรมสินธุ์โสภา
Ayutthaya,วัดธรรมาราม
Ayutthaya,วัดธรรมิกราช
Ayutthaya,วัดธรรมโชติการาม
Ayutthaya,วัดนกกระจาบ
Ayutthaya,วัดนครหลวง
Ayutthaya,วัดนครโปรดสัตว์
Ayutthaya,วัดนนทรีย์
Ayutthaya,วัดนาค
Ayutthaya,วัดนาคสโมสร
Ayutthaya,วัดนาคู 
Ayutthaya,วัดนางกุย
Ayutthaya,วัดนางคุ่ม
Ayutthaya,วัดนางชี
Ayutthaya,วัดนาอุ่น
Ayutthaya,วัดนิเวศธรรมประวัติราชวรวิหาร
Ayutthaya,วัดน้อมประชาสรรค์
Ayutthaya,วัดน้อย
Ayutthaya,วัดน้ำเต้า
Ayutthaya,วัดบรมวงศ์อิศรวรารามวรวิหาร
Ayutthaya,วัดบันลือธรรม
Ayutthaya,วัดบันได
Ayutthaya,วัดบันไดช้าง
Ayutthaya,วัดบัวงาม
Ayutthaya,วัดบางกะจะ
Ayutthaya,วัดบางกะทิง
Ayutthaya,วัดบางคล้า
Ayutthaya,วัดบางซ้ายนอก
Ayutthaya,วัดบางซ้ายใน
Ayutthaya,วัดบางนมโค
Ayutthaya,วัดบางบาล
Ayutthaya,วัดบางปลาหมอ
Ayutthaya,วัดบางม่วง
Ayutthaya,วัดบางยี่โท
Ayutthaya,วัดบางระกำ
Ayutthaya,วัดบางสงบ
Ayutthaya,วัดบางเคียนวิเชียรฉาย
Ayutthaya,วัดบางเดื่อ
Ayutthaya,วัดบางเพลิง
Ayutthaya,วัดบางแขยง
Ayutthaya,วัดบางไทร
Ayutthaya,วัดบำรุงธรรม
Ayutthaya,วัดบึง
Ayutthaya,วัดบึงลัฎฐิวัน
Ayutthaya,วัดบุญกันนาวาส
Ayutthaya,วัดบ้านกลิ้ง
Ayutthaya,วัดบ้านขวาง
Ayutthaya,วัดบ้านชุ้ง
Ayutthaya,วัดบ้านช้าง
Ayutthaya,วัดบ้านดาบ
Ayutthaya,วัดบ้านพลับ
Ayutthaya,วัดบ้านพาด
Ayutthaya,วัดบ้านพาสน์
Ayutthaya,วัดบ้านม้า
Ayutthaya,วัดบ้านราม
Ayutthaya,วัดบ้านร่อม
Ayutthaya,วัดบ้านสร้าง
Ayutthaya,วัดบ้านหว้า
Ayutthaya,วัดบ้านหีบ
Ayutthaya,วัดบ้านอ้อ
Ayutthaya,วัดบ้านเลนสระกระจับ
Ayutthaya,วัดบ้านแค
Ayutthaya,วัดบ้านแจ้ง
Ayutthaya,วัดบ้านแดง
Ayutthaya,วัดบ้านแถว
Ayutthaya,วัดบ้านแป้ง
Ayutthaya,วัดบ้านแพน
Ayutthaya,วัดปทุมวัน
Ayutthaya,วัดประดู่ตะบอง
Ayutthaya,วัดประดู่ทรงธรรม
Ayutthaya,วัดประดู่โลกเชฎฐ์
Ayutthaya,วัดประมุง
Ayutthaya,วัดประสาท
Ayutthaya,วัดปราสาททอง
Ayutthaya,วัดปรีดาราม
Ayutthaya,วัดปากกราน
Ayutthaya,วัดปากคลอง
Ayutthaya,วัดปากน้ำ
Ayutthaya,วัดปิ่นแก้ว
Ayutthaya,วัดป่าคา
Ayutthaya,วัดป่าศรีถาวรอยุธยา
Ayutthaya,วัดป่าอารยวังสาราม
Ayutthaya,วัดป่าโค
Ayutthaya,วัดป้อมรามัญ
Ayutthaya,วัดป้อมแก้วประโชติวิทยาภรณ์
Ayutthaya,วัดป้อมใหญ่
Ayutthaya,วัดผดุงธรรม
Ayutthaya,วัดผึ่งแดด
Ayutthaya,วัดพนมยงค์
Ayutthaya,วัดพนัญเชิงวรวิหาร
Ayutthaya,วัดพยอม
Ayutthaya,วัดพยาญาติ
Ayutthaya,วัดพรหมนิมิต
Ayutthaya,วัดพรหมนิวาสวรวิหาร
Ayutthaya,วัดพระขาว
Ayutthaya,วัดพระงาม
Ayutthaya,วัดพระญาติการาม
Ayutthaya,วัดพระธาตุศรีรัตนาราม
Ayutthaya,วัดพระนอน
Ayutthaya,วัดพระศรีสรรเพชญ์
Ayutthaya,วัดพระเมรุราชิการามวรวิหาร
Ayutthaya,วัดพระแก้ว
Ayutthaya,วัดพรานนก
Ayutthaya,วัดพร้าวโสภณาราม
Ayutthaya,วัดพิกุลโสคันธ์
Ayutthaya,วัดพิชัยสงคราม
Ayutthaya,วัดพุฒาวาส
Ayutthaya,วัดพุทไธศวรรย์
Ayutthaya,วัดภาชี
Ayutthaya,วัดภูเขาทอง
Ayutthaya,วัดมณฑป
Ayutthaya,วัดมณฑลประสิทธิ์
Ayutthaya,วัดมฤคทายวัน
Ayutthaya,วัดมหาจุฬาลงกรณราชูทิศ บ่อตาโล่
Ayutthaya,วัดมหาพล
Ayutthaya,วัดมหาโลก
Ayutthaya,วัดมะขามโพลง
Ayutthaya,วัดมาบพระจันทร์
Ayutthaya,วัดมาบโพธิ์
Ayutthaya,วัดมารวิชัย
Ayutthaya,วัดมเหยงคณ์
Ayutthaya,วัดมเหยงค์
Ayutthaya,วัดม่วง
Ayutthaya,วัดม่วงหวาน
Ayutthaya,วัดยม
Ayutthaya,วัดยมนาตามธรรม
Ayutthaya,วัดยวด
Ayutthaya,วัดยางนม
Ayutthaya,วัดย่านอ่างทอง
Ayutthaya,วัดระโสม
Ayutthaya,วัดรัตนชัย
Ayutthaya,วัดรางจระเข้
Ayutthaya,วัดราชบรรทม
Ayutthaya,วัดราชบัวขาว
Ayutthaya,วัดราชประดิษฐาน
Ayutthaya,วัดรามพงศาวาส
Ayutthaya,วัดราษฎรบรรจง
Ayutthaya,วัดราษฎร์นิยม
Ayutthaya,วัดราษฎร์บำรุง
Ayutthaya,วัดราษฎร์บำเพ็ญ
Ayutthaya,วัดราษฎร์ปุณณาราม
Ayutthaya,วัดราษฎร์ศรัทธาธรรม
Ayutthaya,วัดร่มโพธิ์
Ayutthaya,วัดร้อยไร่
Ayutthaya,วัดฤๅไชย
Ayutthaya,วัดลอดช่อง
Ayutthaya,วัดละมุด
Ayutthaya,วัดลาดชะโด
Ayutthaya,วัดลาดชิด
Ayutthaya,วัดลาดทราย
Ayutthaya,วัดลาดบัวหลวง
Ayutthaya,วัดลาดประทุมคงคาราม
Ayutthaya,วัดลาดระโหง
Ayutthaya,วัดลาย
Ayutthaya,วัดลำตะเคียน
Ayutthaya,วัดลำบัว
Ayutthaya,วัดลำพระยาราษฎร์เจริญธรรม
Ayutthaya,วัดลุ่ม
Ayutthaya,วัดวงษ์ฆ้อง
Ayutthaya,วัดวงษ์สวรรค์
Ayutthaya,วัดวชิรธรรมาราม
Ayutthaya,วัดวรนายกรังสรรค์เจติยบรรพตาราม
Ayutthaya,วัดวรเชษฐ์
Ayutthaya,วัดวรโพธิ์
Ayutthaya,วัดวัง
Ayutthaya,วัดวังชะโด
Ayutthaya,วัดวังแดงเหนือ
Ayutthaya,วัดวังแดงใต้
Ayutthaya,วัดวิมลสุนทร
Ayutthaya,วัดวิเวกวายุพัด
Ayutthaya,วัดศรีประชา
Ayutthaya,วัดศรีภวังค์
Ayutthaya,วัดศรีโพธิ์
Ayutthaya,วัดศักดิ์
Ayutthaya,วัดศาลาปูนวรวิหาร
Ayutthaya,วัดศาลาลอย
Ayutthaya,วัดศาลาแดง
Ayutthaya,วัดศิริสุขาราม
Ayutthaya,วัดศิวาราม
Ayutthaya,วัดสง่างาม
Ayutthaya,วัดสฎางค์
Ayutthaya,วัดสนามทอง
Ayutthaya,วัดสนามไชย
Ayutthaya,วัดสบสวรรค์
Ayutthaya,วัดสมณโกฏฐาราม
Ayutthaya,วัดสระเกษ
Ayutthaya,วัดสว่างอารมณ์
Ayutthaya,วัดสหกรณ์ธรรมนิมิต
Ayutthaya,วัดสะตือ
Ayutthaya,วัดสะแก
Ayutthaya,วัดสันติการาม
Ayutthaya,วัดสันติธรรมาราม
Ayutthaya,วัดสันติวนาราม
Ayutthaya,วัดสามกอ
Ayutthaya,วัดสามตุ่ม
Ayutthaya,วัดสามบัณฑิต
Ayutthaya,วัดสามวิหาร
Ayutthaya,วัดสามเพลง
Ayutthaya,วัดสามเรือน
Ayutthaya,วัดสามไถ
Ayutthaya,วัดสำพะเนียง
Ayutthaya,วัดสำมะกัน
Ayutthaya,วัดสำเภาล่ม
Ayutthaya,วัดสิงห์สุทธาวาส
Ayutthaya,วัดสีกุก
Ayutthaya,วัดสีจำปา
Ayutthaya,วัดสุคนธาราม
Ayutthaya,วัดสุคันธาราม
Ayutthaya,วัดสุทธาวาส
Ayutthaya,วัดสุทธิรุจิราราม
Ayutthaya,วัดสุธาโภชน์
Ayutthaya,วัดสุนทราราม
Ayutthaya,วัดสุวรรณดารารามราชวรวิหาร
Ayutthaya,วัดสุวรรณธรรมาราม
Ayutthaya,วัดสุวรรณเจดีย์
Ayutthaya,วัดสุเมธ
Ayutthaya,วัดหงษ์
Ayutthaya,วัดหนองกลาง
Ayutthaya,วัดหนองนาง
Ayutthaya,วัดหนองนางเก่า
Ayutthaya,วัดหนองน้ำส้ม
Ayutthaya,วัดหนองบัว
Ayutthaya,วัดหนองลำเจียก
Ayutthaya,วัดหนองเครือบุญ
Ayutthaya,วัดหนองเป้า
Ayutthaya,วัดหนองแห้ว
Ayutthaya,วัดหนองโคก
Ayutthaya,วัดหนองโสน
Ayutthaya,วัดหนองไม้ซุง
Ayutthaya,วัดหน้าต่างนอก
Ayutthaya,วัดหน้าต่างใน
Ayutthaya,วัดหน้าโคก
Ayutthaya,วัดหลวงพ่อเขียว
Ayutthaya,วัดหลักชัย
Ayutthaya,วัดหันตรา
Ayutthaya,วัดหันสัง
Ayutthaya,วัดหัวคุ้ง
Ayutthaya,วัดหัวหิน
Ayutthaya,วัดหัวเวียง
Ayutthaya,วัดห้วยจรเข้
Ayutthaya,วัดอนุกุญชราราม
Ayutthaya,วัดอมฤตสิทธาราม
Ayutthaya,วัดอัมพวา
Ayutthaya,วัดอินกัลยา
Ayutthaya,วัดอินทอารี
Ayutthaya,วัดอินทาราม
Ayutthaya,วัดอุทการาม
Ayutthaya,วัดอุทัย
Ayutthaya,วัดอุโลม
Ayutthaya,วัดอู่สำเภา
Ayutthaya,วัดอโยธยา
Ayutthaya,วัดอ่างทอง
Ayutthaya,วัดเกตุ
Ayutthaya,วัดเกาะราษฎร์ศรัทธาธรรม
Ayutthaya,วัดเกาะเลิ่ง
Ayutthaya,วัดเกาะแก้ว
Ayutthaya,วัดเกาะแก้วเกษฎาราม
Ayutthaya,วัดเก้าห้อง
Ayutthaya,วัดเขาดิน
Ayutthaya,วัดเขียนลาย
Ayutthaya,วัดเจดีย์แดง
Ayutthaya,วัดเจริญธรรม
Ayutthaya,วัดเจ้าปลุก
Ayutthaya,วัดเจ้าเจ็ดนอก
Ayutthaya,วัดเจ้าเจ็ดใน
Ayutthaya,วัดเจ้าแปดทรงไตรย์
Ayutthaya,วัดเชิงท่า
Ayutthaya,วัดเชิงเลน
Ayutthaya,วัดเชียงรากน้อย
Ayutthaya,วัดเทพกุญชร
Ayutthaya,วัดเทพคันธาราม
Ayutthaya,วัดเทพจันทร์ลอย
Ayutthaya,วัดเทพธาราราม
Ayutthaya,วัดเทพมงคล
Ayutthaya,วัดเทพสนทวารี
Ayutthaya,วัดเทพสุวรรณ
Ayutthaya,วัดเทพอุปการาม
Ayutthaya,วัดเปรมประชากร
Ayutthaya,วัดเรือแข่ง
Ayutthaya,วัดเวฬุวัน
Ayutthaya,วัดเวียง
Ayutthaya,วัดเศวตศิลาราม
Ayutthaya,วัดเสด็จ
Ayutthaya,วัดเสนา
Ayutthaya,วัดเสนาสนารามราชวรวิหาร
Ayutthaya,วัดเสาธง
Ayutthaya,วัดเสาธงเก่า
Ayutthaya,วัดเสาธงใหม่
Ayutthaya,วัดแก้ว
Ayutthaya,วัดแก้วตา
Ayutthaya,วัดแก้วฟ้า
Ayutthaya,วัดแก้วสุวรรณ
Ayutthaya,วัดแค
Ayutthaya,วัดแคท่าเรือ
Ayutthaya,วัดแจ้ง
Ayutthaya,วัดแดง
Ayutthaya,วัดแม่นางปลื้ม
Ayutthaya,วัดโกโรโกโส
Ayutthaya,วัดโขดเขมาราม
Ayutthaya,วัดโคก
Ayutthaya,วัดโคกกรวด
Ayutthaya,วัดโคกกลาง
Ayutthaya,วัดโคกจินดาราม
Ayutthaya,วัดโคกจุฬา
Ayutthaya,วัดโคกช้าง
Ayutthaya,วัดโคกทอง
Ayutthaya,วัดโคกมะยม
Ayutthaya,วัดโคกม่วง
Ayutthaya,วัดโคกสังข์
Ayutthaya,วัดโคกหิรัญ
Ayutthaya,วัดโคกเสือ
Ayutthaya,วัดโคกโพธิ์
Ayutthaya,วัดโตนด
Ayutthaya,วัดโตนดเตี้ย
Ayutthaya,วัดโบสถ์
Ayutthaya,วัดโบสถ์พัทธสีมา
Ayutthaya,วัดโบสถ์สมพรชัย
Ayutthaya,วัดโบสถ์อินทราราม
Ayutthaya,วัดโปรดสัตว์
Ayutthaya,วัดโพธิผักไห่
Ayutthaya,วัดโพธิ์
Ayutthaya,วัดโพธิ์ทอง
Ayutthaya,วัดโพธิ์ทองหนองจิก
Ayutthaya,วัดโพธิ์ประสิทธิ์
Ayutthaya,วัดโพธิ์ลอย
Ayutthaya,วัดโพธิ์ลำแพน
Ayutthaya,วัดโพธิ์สาวหาญ
Ayutthaya,วัดโพธิ์หอม
Ayutthaya,วัดโพธิ์เผือก
Ayutthaya,วัดโพธิ์เอน
Ayutthaya,วัดโพธิ์แตงเหนือ
Ayutthaya,วัดโพธิ์แตงใต้
Ayutthaya,วัดโพธิ์ไทร
Ayutthaya,วัดโรงนา
Ayutthaya,วัดโสภณเจติการาม
Ayutthaya,วัดใบบัว
Ayutthaya,วัดใหญ่ชัยมงคล
Ayutthaya,วัดใหญ่เทพนิมิตร
Ayutthaya,วัดใหม่
Ayutthaya,วัดใหม่ชุมพล
Ayutthaya,วัดใหม่ต้านทาน
Ayutthaya,วัดใหม่ปากบาง
Ayutthaya,วัดใหม่สองห้อง
Ayutthaya,วัดใหม่หนองคต
Ayutthaya,วัดไก่
Ayutthaya,วัดไก่จ้น
Ayutthaya,วัดไก่เตี้ย
Ayutthaya,วัดไชย
Ayutthaya,วัดไชยภูมิ
Ayutthaya,วัดไทรงาม
Ayutthaya,วัดไทรน้อย
Ayutthaya,วัดไทรโสภณ
Ayutthaya,วัดไผ่ล้อม
Ayutthaya,วัดไผ่โสมนรินทร์
Ayutthaya,วัดไพฑูริย์ถนิมาราม
Ayutthaya,วัดไม้ตราสมาชิการาม
Ayutthaya,วัดไม้รวก
